'DB1000', 'Premium Le Archery Buck Deer - Henry Mtns', 'Archery', 22, 9, 0.02, null, 1, 0.0,
'DB1001', 'Premium Le Archery Buck Deer - Paunsaugunt', 'Archery', 20, 23, 0.03, 26, 3, 0.0,
'DB1002', 'Premium Le Alw (rifle) Buck Deer - Antelope Island', 'Any Legal Weapon', null, 1, 0.0, null, 0, null,
'DB1003', 'Premium Le Alw (rifle) Buck Deer - Henry Mtns', 'Any Legal Weapon', 25, 24, 0.01, null, 3, 0.0,
'DB1004', 'Premium Le Alw (rifle) Buck Deer - Paunsaugunt', 'Any Legal Weapon', 22, 67, 0.02, 27, 7, 0.0,
'DB1005', 'Premium Le Muzzleloader Buck Deer - Henry Mtns', 'Muzzleloader', 24, 9, 0.02, null, 1, 0.0,
'DB1006', 'Premium Le Muzzleloader Buck Deer - Paunsaugunt', 'Muzzleloader', 23, 23, 0.03, 26, 3, 0.01,
'DB1007', 'Multi-season Premium Limited-entry Buck Deer - Henry Mtns', 'Any Legal Weapon', null, 1, 0.0, null, 0, null,
'DB1008', 'Multi-season Premium Limited-entry Buck Deer - Paunsaugunt', 'Any Legal Weapon', 26, 4, 0.01, null, 0, null,
'DB1010', 'Management Alw (rifle) Buck Deer - Paunsaugunt', 'Any Legal Weapon', 17, 10, 0.02, null, 1, 0.01,
'DB1011', 'Limited-entry Archery Buck Deer - Book Cliffs', 'Archery', 13, 35, 0.05, 20, 3, 0.01,
'DB1012', 'Limited-entry Archery Buck Deer - Fillmore, Oak Creek Le', 'Archery', 21, 9, 0.03, null, 1, 0.0,
'DB1013', 'Limited-entry Archery Buck Deer - La Sal, Dolores Triangle', 'Archery', 13, 4, 0.05, null, 0, null,
'DB1014', 'Limited-entry Archery Buck Deer - San Juan, Elk Ridge', 'Archery', 20, 13, 0.03, null, 1, 0.0,
'DB1015', 'Limited-entry Archery Buck Deer - South Slope, Diamond Mtn', 'Archery', 14, 18, 0.07, null, 2, 0.02,
'DB1016', 'Limited-entry Archery Buck Deer - West Desert, Vernon', 'Archery', 12, 36, 0.09, 18, 3, 0.03,
'DB1017', 'Limited-entry Alw (rifle) Buck Deer - Book Cliffs, North', 'Any Legal Weapon', 16, 78, 0.04, 21, 8, 0.01,
'DB1018', 'Limited-entry Alw (rifle) Buck Deer - Book Cliffs, South', 'Any Legal Weapon', 16, 19, 0.03, null, 1, 0.0,
'DB1019', 'Limited-entry Alw (rifle) Buck Deer - Fillmore, Oak Creek Le', 'Any Legal Weapon', 24, 23, 0.01, 26, 3, 0.0,
'DB1020', 'Limited-entry Alw (rifle) Buck Deer - La Sal, Dolores Triangle', 'Any Legal Weapon', 19, 11, 0.02, null, 1, 0.0,
'DB1022', 'Limited-entry Alw (rifle) Buck Deer - San Juan, Elk Ridge', 'Any Legal Weapon', 18, 35, 0.04, 25, 3, 0.0,
'DB1023', 'Limited-entry Alw (rifle) Buck Deer - South Slope, Diamond Mtn', 'Any Legal Weapon', 15, 50, 0.05, 19, 5, 0.02,
'DB1024', 'Limited-entry Alw (rifle) Buck Deer - West Desert, Vernon', 'Any Legal Weapon', 16, 104, 0.04, 21, 11, 0.02,
'DB1025', 'Limited-entry Muzzleloader Buck Deer - Book Cliffs', 'Muzzleloader', 14, 34, 0.07, 20, 3, 0.03,
'DB1026', 'Limited-entry Muzzleloader Buck Deer - Cache, Crawford Mtn', 'Muzzleloader', 17, 8, 0.03, 16, 1, 0.01,
'DB1028', 'Limited-entry Muzzleloader Buck Deer - Fillmore', 'Muzzleloader', 13, 8, 0.08, 0, 1, 0.08,
'DB1029', 'Limited-entry Muzzleloader Buck Deer - Fillmore, Oak Creek Le', 'Muzzleloader', 26, 9, 0.02, null, 1, 0.0,
'DB1030', 'Limited-entry Muzzleloader Buck Deer - Kamas', 'Muzzleloader', 7, 10, 0.21, 2, 1, 0.5,
'DB1031', 'Limited-entry Muzzleloader Buck Deer - La Sal, Dolores Triangle', 'Muzzleloader', 19, 4, 0.04, null, 0, null,
'DB1032', 'Limited-entry Muzzleloader Buck Deer - Monroe', 'Muzzleloader', 16, 4, 0.1, 10, 1, 0.09,
'DB1033', 'Limited-entry Muzzleloader Buck Deer - Nine Mile', 'Muzzleloader', 10, 6, 0.11, null, 1, 0.14,
'DB1034', 'Limited-entry Muzzleloader Buck Deer - Pine Valley', 'Muzzleloader', 16, 12, 0.05, null, 1, 0.01,
'DB1036', 'Limited-entry Muzzleloader Buck Deer - Plateau, Thousand Lakes', 'Muzzleloader', 8, 4, 0.17, 6, 1, 0.14,
'DB1037', 'Limited-entry Muzzleloader Buck Deer - San Juan, Elk Ridge', 'Muzzleloader', 20, 13, 0.04, null, 1, 0.01,
'DB1038', 'Limited-entry Muzzleloader Buck Deer - South Slope, Diamond Mtn', 'Muzzleloader', 15, 18, 0.08, 19, 2, 0.04,
'DB1039', 'Limited-entry Muzzleloader Buck Deer - South Slope, Yellowstone', 'Muzzleloader', 9, 5, 0.08, null, 1, 0.2,
'DB1040', 'Limited-entry Muzzleloader Buck Deer - Southwest Desert', 'Muzzleloader', 16, 4, 0.06, null, 1, 0.02,
'DB1041', 'Limited-entry Muzzleloader Buck Deer - Wasatch Mtns, East', 'Muzzleloader', 11, 18, 0.08, 14, 2, 0.09,
'DB1042', 'Limited-entry Muzzleloader Buck Deer - West Desert, Vernon', 'Muzzleloader', 15, 37, 0.07, 20, 3, 0.03,
'DB1043', 'Limited-entry Muzzleloader Buck Deer - Zion', 'Muzzleloader', 15, 12, 0.1, 21, 2, 0.04,
'DB1044', 'Multi-season Limited-entry Buck Deer - Book Cliffs', 'Any Legal Weapon', 19, 5, 0.02, null, 1, 0.01,
'DB1045', 'Multi-season Limited-entry Buck Deer - Fillmore, Oak Creek Le', 'Any Legal Weapon', null, 1, 0.0, null, 0, null,
'DB1046', 'Multi-season Limited-entry Buck Deer - San Juan, Elk Ridge', 'Any Legal Weapon', null, 2, 0.02, null, 0, null,
'DB1047', 'Multi-season Limited-entry Buck Deer - South Slope, Diamond Mtn', 'Any Legal Weapon', 18, 3, 0.03, null, 0, null,
'DB1048', 'Multi-season Limited-entry Buck Deer - West Desert, Vernon', 'Any Legal Weapon', 21, 5, 0.02, null, 1, 0.01,
'DB1053', 'Limited-entry Muzzleloader Buck Deer - Mt Dutton', 'Muzzleloader', 9, 4, 0.15, null, 1, 0.08,
'DB1054', 'Limited-entry Muzzleloader Buck Deer - Ogden', 'Muzzleloader', 7, 11, 0.27, 0, 1, 0.33,
'DB1055', 'Limited-entry Muzzleloader Buck Deer - Plateau, Fishlake', 'Muzzleloader', 12, 4, 0.07, 7, 1, 0.14,
'DB1058', 'Alw (rifle) Cactus Buck Deer - Paunsaugunt, Cactus Buck', 'Any Legal Weapon', 9, 27, 0.24, 12, 3, 0.05,
'DB1059', 'Limited-entry Muzzleloader Buck Deer - Beaver', 'Muzzleloader', 11, 4, 0.09, null, 1, 0.04,
'DB1065', 'Limited-entry Muzzleloader Buck Deer - North Slope', 'Muzzleloader', 10, 9, 0.18, 7, 1, 0.14,
'DB1073', 'Management Archery Buck Deer - Paunsaugunt', 'Archery', null, 4, 0.05, null, 0, null,
'DB1074', 'Management Muzzleloader Buck Deer - Paunsaugunt', 'Muzzleloader', 16, 4, 0.04, null, 0, null,
'DB1077', 'Limited-entry Muzzleloader Buck Deer - Box Elder', 'Muzzleloader', 7, 18, 0.26, 9, 2, 0.08,
'DB1078', 'Limited-entry Muzzleloader Buck Deer - Cache', 'Muzzleloader', 15, 5, 0.06, 12, 1, 0.04,
'DB1079', 'Limited-entry Muzzleloader Buck Deer - Central Mtns, Manti/san Rafael', 'Muzzleloader', 10, 36, 0.14, 14, 4, 0.08,
'DB1080', 'Limited-entry Muzzleloader Buck Deer - Central Mtns, Nebo', 'Muzzleloader', 8, 21, 0.25, 1, 2, 0.22,
'DB1081', 'Limited-entry Muzzleloader Buck Deer - La Sal, La Sal Mtns', 'Muzzleloader', 8, 6, 0.15, 13, 1, 0.04,
'DB1082', 'Limited-entry Muzzleloader Buck Deer - Oquirrh-stansbury', 'Muzzleloader', 11, 12, 0.15, null, 1, 0.08,
'DB1083', 'Limited-entry Muzzleloader Buck Deer - Panguitch Lake', 'Muzzleloader', 9, 4, 0.11, null, 1, 0.02,
'DB1084', 'Limited-entry Muzzleloader Buck Deer - Plateau, Boulder/kaiparowits', 'Muzzleloader', 23, 6, 0.12, 9, 1, 0.03,
'DB1085', 'Limited-entry Muzzleloader Buck Deer - San Juan, Abajo Mtns', 'Muzzleloader', 6, 10, 0.22, 4, 1, 0.09,
'DB1086', 'Limited-entry Muzzleloader Buck Deer - South Slope, Bonanza/vernal', 'Muzzleloader', 10, 4, 0.09, 13, 1, 0.2,
'DB1087', 'Limited-entry Muzzleloader Buck Deer - Wasatch Mtns, West', 'Muzzleloader', 6, 34, 0.33, 0, 4, 0.56,
'DB1088', 'Limited-entry Muzzleloader Buck Deer - West Desert, Tintic', 'Muzzleloader', 15, 4, 0.18, null, 1, 0.33,
'DB1089', 'Limited-entry Muzzleloader Buck Deer - West Desert, West', 'Muzzleloader', 11, 4, 0.15, null, 1, 0.12,
'DB1090', 'Limited-entry Hamss Buck Deer - Book Cliffs, Floy Canyon', 'H.a.m.s.s.', null, 4, 0.06, null, 1, 0.01,
'DB1091', 'Limited-entry Hamss Buck Deer - Kaiparowits Hamss', 'H.a.m.s.s.', 18, 4, 0.05, null, 1, 0.02,
'DB1094', 'Limited-entry Muzzleloader Buck Deer - South Slope, Myton', 'Muzzleloader', 0, 16, 1.0, null, 0, null,
'DB1100', 'Limited-entry Muzzleloader Buck Deer - Chalk Creek', 'Muzzleloader', 8, 12, 0.14, 4, 1, 0.5,
'DB1101', 'Limited-entry Muzzleloader Buck Deer - East Canyon', 'Muzzleloader', 5, 11, 0.5, null, 0, null,
'DB1103', 'Limited-entry Muzzleloader Buck Deer - Morgan-south Rich', 'Muzzleloader', 10, 8, 0.2, 20, 1, 0.25,
'DB1105', 'Limited-entry Hamss Buck Deer - East Canyon', 'H.a.m.s.s.', 10, 4, 0.16, 4, 1, 0.12,
'DB1200', 'Premium Cwmu Buck Deer - Alton', 'Any Legal Weapon', 26, 3, 0.01, null, 0, null,
'DB1201', 'Cwmu Management Buck Deer - Alton', 'Any Legal Weapon', null, 1, 0.02, null, 0, null,
'DB1202', 'Cwmu Buck Deer - Antelope Creek', 'Any Legal Weapon', 7, 1, 0.5, null, 0, null,
'DB1203', 'Cwmu Buck Deer - Avintaquin Canyon', 'Any Legal Weapon', null, 1, 0.14, null, 0, null,
'DB1204', 'Cwmu Buck Deer - Bally Watts', 'Any Legal Weapon', 11, 2, 0.07, null, 0, null,
'DB1205', 'Cwmu Buck Deer - Bar J Ranch', 'Any Legal Weapon', 1, 2, 0.4, null, 0, null,
'DB1206', 'Cwmu Buck Deer - Bear Mountain', 'Any Legal Weapon', null, 1, 0.14, null, 0, null,
'DB1207', 'Cwmu Buck Deer - Bear Springs', 'Any Legal Weapon', null, 1, 0.06, null, 0, null,
'DB1208', 'Cwmu Buck Deer - Blackhawk', 'Any Legal Weapon', 4, 1, 0.5, null, 0, null,
'DB1209', 'Cwmu Buck Deer - Blind Springs', 'Any Legal Weapon', 0, 1, 0.25, null, 0, null,
'DB1211', 'Cwmu Buck Deer - Blue Spring Hills', 'Any Legal Weapon', 6, 1, 0.11, null, 0, null,
'DB1212', 'Cwmu Buck Deer - Bluebell', 'Any Legal Weapon', null, 1, 0.12, null, 0, null,
'DB1213', 'Cwmu Buck Deer - Boobe Hole', 'Any Legal Weapon', 1, 2, 0.14, null, 0, null,
'DB1215', 'Cwmu Buck Deer - Buckhorn Ranch', 'Any Legal Weapon', 2, 1, 0.14, null, 0, null,
'DB1216', 'Cwmu Buck Deer - Castle Valley Outdoors', 'Any Legal Weapon', null, 1, 0.1, null, 0, null,
'DB1217', 'Cwmu Buck Deer - Causey Spring', 'Any Legal Weapon', null, 1, 0.05, null, 0, null,
'DB1219', 'Cwmu Buck Deer - Chimney Rock', 'Any Legal Weapon', 17, 2, 0.04, null, 0, null,
'DB1222', 'Cwmu Buck Deer - Coldwater Ranch', 'Any Legal Weapon', null, 2, 0.03, null, 0, null,
'DB1223', 'Cwmu Buck Deer - Conover-jensen', 'Any Legal Weapon', 9, 3, 0.23, null, 0, null,
'DB1224', 'Cwmu Buck Deer - Cotton Thomas', 'Any Legal Weapon', null, 1, 0.07, null, 0, null,
'DB1227', 'Cwmu Buck Deer - Deer Haven', 'Any Legal Weapon', 11, 2, 0.09, null, 0, null,
'DB1228', 'Cwmu Buck Deer - Deseret', 'Any Legal Weapon', 18, 14, 0.05, null, 0, null,
'DB1229', 'Cwmu Buck Deer - Dilly Ranch', 'Any Legal Weapon', null, 1, 0.07, null, 0, null,
'DB1230', 'Cwmu Buck Deer - Double R Ranch', 'Any Legal Weapon', 10, 3, 0.13, null, 0, null,
'DB1231', 'Cwmu Buck Deer - Dove Creek', 'Any Legal Weapon', 9, 2, 0.1, null, 0, null,
'DB1232', 'Cwmu Buck Deer - Durst Mountain', 'Any Legal Weapon', 13, 2, 0.05, null, 0, null,
'DB1233', 'Cwmu Buck Deer - East Fork Chalk Creek', 'Any Legal Weapon', 13, 4, 0.11, null, 0, null,
'DB1234', 'Cwmu Buck Deer - East Zion', 'Any Legal Weapon', 13, 2, 0.12, null, 0, null,
'DB1236', 'Cwmu Buck Deer - Engineer Springs', 'Any Legal Weapon', 12, 1, 0.07, null, 0, null,
'DB1237', 'Cwmu Buck Deer - Ensign Ranches', 'Any Legal Weapon', 18, 4, 0.04, null, 0, null,
'DB1238', 'Cwmu Buck Deer - Folley Ridge', 'Any Legal Weapon', null, 3, 0.12, null, 0, null,
'DB1239', 'Cwmu Buck Deer - Fort Ranch', 'Any Legal Weapon', 9, 1, 1.0, null, 0, null,
'DB1240', 'Cwmu Buck Deer - George Creek', 'Any Legal Weapon', null, 1, 0.25, null, 0, null,
'DB1241', 'Cwmu Buck Deer - Golden Spike', 'Any Legal Weapon', null, 1, 0.04, null, 0, null,
'DB1242', 'Cwmu Buck Deer - Grass Valley/clark Canyon', 'Any Legal Weapon', 13, 14, 0.1, null, 0, null,
'DB1243', 'Cwmu Buck Deer - Grazing Pasture', 'Any Legal Weapon', 6, 1, 0.17, null, 0, null,
'DB1244', 'Cwmu Buck Deer - Green Canyon', 'Any Legal Weapon', null, 1, 0.06, null, 0, null,
'DB1245', 'Cwmu Buck Deer - Guildersleeve', 'Any Legal Weapon', 14, 2, 0.09, null, 0, null,
'DB1246', 'Cwmu Buck Deer - Hardscrabble', 'Any Legal Weapon', null, 2, 0.25, null, 0, null,
'DB1248', 'Cwmu Buck Deer - Heaston East', 'Any Legal Weapon', 21, 2, 0.02, null, 0, null,
'DB1249', 'Cwmu Buck Deer - Hiawatha', 'Any Legal Weapon', 5, 1, 0.2, null, 0, null,
'DB1250', 'Cwmu Buck Deer - Indian Creek', 'Any Legal Weapon', 1, 2, 0.33, null, 0, null,
'DB1251', 'Cwmu Buck Deer - Indian Head', 'Any Legal Weapon', 12, 2, 0.1, null, 0, null,
'DB1252', 'Cwmu Buck Deer - Ingham Peak', 'Any Legal Weapon', 6, 4, 0.23, null, 0, null,
'DB1253', 'Cwmu Buck Deer - J.b. Ranch', 'Any Legal Weapon', 11, 2, 0.08, null, 0, null,
'DB1255', 'Cwmu Buck Deer - Johnson Mountain Ranch', 'Any Legal Weapon', null, 1, 0.17, null, 0, null,
'DB1256', 'Cwmu Buck Deer - Junction Valley', 'Any Legal Weapon', 9, 5, 0.11, null, 0, null,
'DB1258', 'Cwmu Buck Deer - Little Red Creek', 'Any Legal Weapon', 12, 2, 0.07, null, 0, null,
'DB1260', 'Cwmu Buck Deer - Middle Ridge', 'Any Legal Weapon', 4, 2, 0.22, null, 0, null,
'DB1261', 'Cwmu Buck Deer - Minnie Maud Ridge', 'Any Legal Weapon', 9, 5, 0.12, null, 0, null,
'DB1263', 'Cwmu Buck Deer - Moon Ranch', 'Any Legal Weapon', null, 1, 0.17, null, 0, null,
'DB1264', 'Cwmu Buck Deer - Mountain Meadow', 'Any Legal Weapon', 5, 1, 0.12, null, 0, null,
'DB1265', 'Cwmu Buck Deer - Mountain Top', 'Any Legal Weapon', 2, 2, 0.22, null, 0, null,
'DB1266', 'Cwmu Buck Deer - Mt Carmel', 'Any Legal Weapon', 15, 2, 0.08, null, 0, null,
'DB1269', 'Cwmu Buck Deer - North Promontory', 'Any Legal Weapon', 10, 2, 0.25, null, 0, null,
'DB1270', 'Cwmu Buck Deer - Nucor West', 'Any Legal Weapon', 14, 1, 0.05, null, 0, null,
'DB1271', 'Cwmu Buck Deer - Oak Ranch', 'Any Legal Weapon', 4, 3, 0.3, null, 0, null,
'DB1272', 'Cwmu Buck Deer - Old Woman Plateau', 'Any Legal Weapon', 6, 3, 0.37, null, 0, null,
'DB1273', 'Cwmu Buck Deer - Park Valley Hereford', 'Any Legal Weapon', 1, 10, 0.91, null, 0, null,
'DB1274', 'Cwmu Buck Deer - Patmos Ridge', 'Any Legal Weapon', 5, 1, 0.05, null, 0, null,
'DB1275', 'Cwmu Buck Deer - Pine Canyon', 'Any Legal Weapon', 11, 3, 0.16, null, 0, null,
'DB1276', 'Cwmu Buck Deer - Plymouth Peak', 'Any Legal Weapon', 4, 1, 0.33, null, 0, null,
'DB1277', 'Cwmu Buck Deer - Pocatello Valley', 'Any Legal Weapon', null, 1, 0.08, null, 0, null,
'DB1278', 'Cwmu Buck Deer - Powder Mountain', 'Any Legal Weapon', null, 1, 0.03, null, 0, null,
'DB1279', 'Cwmu Buck Deer - Preston Nutter Ranch', 'Any Legal Weapon', null, 1, 0.02, null, 0, null,
'DB1280', 'Cwmu Buck Deer - Promontory Point', 'Any Legal Weapon', null, 1, 0.02, null, 0, null,
'DB1281', 'Cwmu Buck Deer - Rattlesnake Pass', 'Any Legal Weapon', 9, 3, 0.1, null, 0, null,
'DB1282', 'Cwmu Buck Deer - Redd Ranches', 'Any Legal Weapon', 16, 2, 0.06, null, 0, null,
'DB1283', 'Cwmu Buck Deer - Roan Cliffs', 'Any Legal Weapon', null, 1, 0.04, null, 0, null,
'DB1285', 'Cwmu Buck Deer - Sand Creek', 'Any Legal Weapon', 5, 1, 0.07, null, 0, null,
'DB1286', 'Cwmu Buck Deer - Pisgah Mountain', 'Any Legal Weapon', 7, 2, 0.25, null, 0, null,
'DB1287', 'Cwmu Buck Deer - Scofield Canyons', 'Any Legal Weapon', null, 1, 0.06, null, 0, null,
'DB1288', 'Cwmu Buck Deer - Scofield West', 'Any Legal Weapon', 11, 2, 0.09, null, 0, null,
'DB1289', 'Cwmu Buck Deer - Sharp Mountain', 'Any Legal Weapon', 9, 2, 0.12, null, 0, null,
'DB1290', 'Cwmu Buck Deer - Skull Crack', 'Any Legal Weapon', null, 1, 0.02, null, 0, null,
'DB1291', 'Cwmu Buck Deer - Skull Valley South', 'Any Legal Weapon', 8, 1, 0.14, null, 0, null,
'DB1292', 'Cwmu Buck Deer - Soldier Summit', 'Any Legal Weapon', 20, 2, 0.07, null, 0, null,
'DB1293', 'Cwmu Buck Deer - South Canyon', 'Any Legal Weapon', 9, 1, 0.11, null, 0, null,
'DB1294', 'Cwmu Buck Deer - Spring Creek Acres', 'Any Legal Weapon', null, 1, 0.08, null, 0, null,
'DB1295', 'Cwmu Buck Deer - Spring Creek/dodge', 'Any Legal Weapon', 13, 5, 0.09, null, 0, null,
'DB1297', 'Cwmu Buck Deer - Stillman Creek Ranch', 'Any Legal Weapon', 7, 4, 0.11, null, 0, null,
'DB1298', 'Cwmu Buck Deer - Strawberry Ridge', 'Any Legal Weapon', 8, 1, 0.05, null, 0, null,
'DB1299', 'Cwmu Buck Deer - Summit Point', 'Any Legal Weapon', 6, 3, 0.37, null, 0, null,
'DB1300', 'Cwmu Buck Deer - Thatcher Mountain', 'Any Legal Weapon', null, 1, 0.02, null, 0, null,
'DB1301', 'Cwmu Buck Deer - Three C', 'Any Legal Weapon', 21, 2, 0.04, null, 0, null,
'DB1303', 'Cwmu Buck Deer - North Peaks', 'Any Legal Weapon', 7, 1, 0.2, null, 0, null,
'DB1304', 'Cwmu Buck Deer - Two Bear', 'Any Legal Weapon', null, 1, 0.03, null, 0, null,
'DB1305', 'Cwmu Buck Deer - Wallsburg', 'Any Legal Weapon', 3, 1, 0.08, null, 0, null,
'DB1306', 'Cwmu Buck Deer - Washakie', 'Any Legal Weapon', 6, 1, 0.04, null, 0, null,
'DB1307', 'Cwmu Buck Deer - Weber Florence Creek', 'Any Legal Weapon', 11, 5, 0.09, null, 0, null,
'DB1308', 'Cwmu Buck Deer - West Hills', 'Any Legal Weapon', 7, 3, 0.08, null, 0, null,
'DB1309', 'Cwmu Buck Deer - West Willow Creek Ranch', 'Any Legal Weapon', 16, 4, 0.05, null, 0, null,
'DB1310', 'Cwmu Buck Deer - White's Valley', 'Any Legal Weapon', null, 1, 0.04, null, 0, null,
'DB1312', 'Cwmu Buck Deer - Woodruff Creek South', 'Any Legal Weapon', 2, 1, 0.17, null, 0, null,
'DB1317', 'Cwmu Buck Deer - Jacob's Creek', 'Any Legal Weapon', 7, 2, 0.5, null, 0, null,
'DB1320', 'Cwmu Buck Deer - Deer Creek', 'Any Legal Weapon', 2, 1, 0.25, null, 0, null,
'DB1322', 'Cwmu Buck Deer - Pahvant Ensign', 'Any Legal Weapon', null, 1, 0.08, null, 0, null,
'DB1324', 'Cwmu Buck Deer - Royal Ivory Outfitters', 'Any Legal Weapon', 2, 1, 0.2, null, 0, null,
'DB1325', 'Cwmu Buck Deer - Double Cone', 'Any Legal Weapon', 5, 1, 0.12, null, 0, null,
'DB1326', 'Cwmu Buck Deer - Rosette', 'Any Legal Weapon', 8, 1, 0.25, null, 0, null,
'DB1327', 'Cwmu Buck Deer - Mountain Sky Ranch', 'Any Legal Weapon', null, 1, 0.09, null, 0, null,
'DB1328', 'Cwmu Buck Deer - Clear Creek', 'Any Legal Weapon', 0, 1, 1.0, null, 0, null,
'DB1330', 'Cwmu Buck Deer - Iron Spring', 'Any Legal Weapon', null, 1, 0.07, null, 0, null,
'DB1331', 'Cwmu Buck Deer - Raft River', 'Any Legal Weapon', 7, 3, 0.21, null, 0, null,
'DB1332', 'Cwmu Buck Deer - West Ridge', 'Any Legal Weapon', 9, 3, 0.16, null, 0, null,
'DB1333', 'Cwmu Buck Deer - 5s', 'Any Legal Weapon', 17, 2, 0.25, null, 0, null,
'DB1334', 'Cwmu Cactus Buck Deer - Alton', 'Any Legal Weapon', 17, 1, 0.08, null, 0, null,
'DB1335', 'Cwmu Buck Deer - Big Piney Ranch', 'Any Legal Weapon', 11, 1, 0.11, null, 0, null,
'DB1336', 'Cwmu Buck Deer - First Light', 'Any Legal Weapon', 0, 1, 0.5, null, 0, null,
'DB1337', 'Cwmu Buck Deer - Little Pole Canyon', 'Any Legal Weapon', 14, 1, 0.08, null, 0, null,
'DB1338', 'Cwmu Buck Deer - Sweetwater', 'Any Legal Weapon', 3, 1, 1.0, null, 0, null,
'DB1339', 'Cwmu Buck Deer - Double J Valley', 'Any Legal Weapon', null, 1, 0.07, null, 0, null,
'DB1340', 'Cwmu Buck Deer - Tunnel Hollow', 'Any Legal Weapon', null, 1, 0.08, null, 0, null,
'DB1341', 'Cwmu Buck Deer - Dry Creek', 'Any Legal Weapon', 9, 2, 0.14, null, 0, null,
'DB1342', 'Cwmu Buck Deer - Faust Valley', 'Any Legal Weapon', null, 1, 0.12, null, 0, null,
'DB1343', 'Cwmu Buck Deer - Red Iron', 'Any Legal Weapon', null, 1, 0.05, null, 0, null,
'EB3000', 'Limited-entry Archery Bull Elk - Beaver, East', 'Archery', 21, 17, 0.05, null, 2, 0.0,
'EB3002', 'Limited-entry Archery Bull Elk - Book Cliffs, Little Creek Roadless', 'Archery', 14, 2, 0.05, null, 0, null,
'EB3003', 'Limited-entry Archery Bull Elk - Cache, Meadowville', 'Archery', 0, 5, 1.0, 2, 4, 0.29,
'EB3005', 'Limited-entry Archery Bull Elk - Cache, South', 'Archery', 11, 7, 0.04, 8, 1, 0.03,
'EB3006', 'Limited-entry Archery Bull Elk - Central Mtns, Manti', 'Archery', 9, 144, 0.14, 19, 15, 0.03,
'EB3008', 'Limited-entry Archery Bull Elk - Fillmore, Pahvant', 'Archery', 14, 14, 0.09, 23, 2, 0.01,
'EB3009', 'Limited-entry Archery Bull Elk - La Sal, La Sal Mtns', 'Archery', 7, 32, 0.2, 18, 4, 0.03,
'EB3010', 'Limited-entry Archery Bull Elk - Monroe', 'Archery', 20, 13, 0.05, 23, 2, 0.01,
'EB3011', 'Limited-entry Archery Bull Elk - Mt Dutton', 'Archery', 11, 13, 0.09, 24, 2, 0.03,
'EB3013', 'Limited-entry Archery Bull Elk - North Slope, Three Corners', 'Archery', 11, 5, 0.05, null, 1, 0.01,
'EB3015', 'Limited-entry Archery Bull Elk - Panguitch Lake', 'Archery', 16, 11, 0.04, null, 1, 0.0,
'EB3018', 'Limited-entry Archery Bull Elk - Plateau, Fishlake/thousand Lakes', 'Archery', 8, 65, 0.18, 19, 6, 0.04,
'EB3019', 'Limited-entry Archery Bull Elk - San Juan Bull Elk', 'Archery', 20, 20, 0.07, null, 2, 0.0,
'EB3020', 'Limited-entry Archery Bull Elk - South Slope, Diamond Mtn', 'Archery', 8, 20, 0.19, 17, 2, 0.03,
'EB3022', 'Limited-entry Archery Bull Elk - Wasatch Mtns', 'Archery', 7, 210, 0.17, 13, 22, 0.06,
'EB3024', 'Limited-entry Alw (rifle) Bull Elk - Early - Beaver, East', 'Any Legal Weapon', 29, 6, 0.0, null, 1, 0.0,
'EB3025', 'Limited-entry Alw (rifle) Bull Elk - Late - Beaver, East', 'Any Legal Weapon', 23, 12, 0.03, null, 1, 0.0,
'EB3028', 'Limited-entry Alw (rifle) Bull Elk - Early - Book Cliffs, Little Creek Roadless', 'Any Legal Weapon', null, 1, 0.01, null, 0, null,
'EB3031', 'Limited-entry Alw (rifle) Bull Elk - Early - Box Elder, Pilot Mtn', 'Any Legal Weapon', 22, 11, 0.03, null, 1, 0.01,
'EB3032', 'Limited-entry Alw (rifle) Bull Elk - Early - Cache, Meadowville', 'Any Legal Weapon', 10, 4, 0.04, null, 1, 0.04,
'EB3033', 'Limited-entry Alw (rifle) Bull Elk - Late - Cache, Meadowville', 'Any Legal Weapon', 4, 9, 0.24, null, 1, 0.08,
'EB3036', 'Limited-entry Alw (rifle) Bull Elk - Early - Cache, South', 'Any Legal Weapon', 25, 2, 0.0, null, 1, 0.01,
'EB3037', 'Limited-entry Alw (rifle) Bull Elk - Late - Cache, South', 'Any Legal Weapon', 18, 5, 0.02, null, 1, 0.03,
'EB3038', 'Limited-entry Alw (rifle) Bull Elk - Early - Central Mtns, Manti', 'Any Legal Weapon', 20, 56, 0.02, 27, 4, 0.01,
'EB3039', 'Limited-entry Alw (rifle) Bull Elk - Late - Central Mtns, Manti', 'Any Legal Weapon', 12, 99, 0.08, 21, 10, 0.03,
'EB3042', 'Limited-entry Alw (rifle) Bull Elk - Early - Fillmore, Pahvant', 'Any Legal Weapon', 26, 6, 0.01, null, 1, 0.0,
'EB3043', 'Limited-entry Alw (rifle) Bull Elk - Late - Fillmore, Pahvant', 'Any Legal Weapon', 21, 9, 0.04, null, 1, 0.01,
'EB3044', 'Limited-entry Alw (rifle) Bull Elk - Late - La Sal, Dolores Triangle', 'Any Legal Weapon', 16, 6, 0.06, null, 1, 0.01,
'EB3045', 'Limited-entry Alw (rifle) Bull Elk - Early - La Sal, La Sal Mtns', 'Any Legal Weapon', 16, 12, 0.03, null, 1, 0.01,
'EB3046', 'Limited-entry Alw (rifle) Bull Elk - Late - La Sal, La Sal Mtns', 'Any Legal Weapon', 10, 21, 0.13, 17, 3, 0.04,
'EB3047', 'Limited-entry Alw (rifle) Bull Elk - Early - Monroe', 'Any Legal Weapon', null, 5, 0.0, null, 1, 0.0,
'EB3048', 'Limited-entry Alw (rifle) Bull Elk - Late - Monroe', 'Any Legal Weapon', 23, 9, 0.03, null, 1, 0.01,
'EB3049', 'Limited-entry Alw (rifle) Bull Elk - Early - Mt Dutton', 'Any Legal Weapon', 24, 5, 0.01, null, 1, 0.0,
'EB3050', 'Limited-entry Alw (rifle) Bull Elk - Late - Mt Dutton', 'Any Legal Weapon', 23, 9, 0.03, null, 1, 0.01,
'EB3053', 'Limited-entry Alw (rifle) Bull Elk - Mid - North Slope, Three Corners', 'Any Legal Weapon', 18, 13, 0.04, 15, 1, 0.01,
'EB3056', 'Limited-entry Alw (rifle) Bull Elk - Early - Panguitch Lake', 'Any Legal Weapon', 24, 4, 0.0, null, 0, null,
'EB3057', 'Limited-entry Alw (rifle) Bull Elk - Late - Panguitch Lake', 'Any Legal Weapon', 21, 8, 0.02, null, 1, 0.01,
'EB3063', 'Limited-entry Alw (rifle) Bull Elk - Early - Plateau, Fishlake/thousand Lakes', 'Any Legal Weapon', 18, 25, 0.03, 25, 2, 0.01,
'EB3064', 'Limited-entry Alw (rifle) Bull Elk - Mid - Plateau, Fishlake/thousand Lakes', 'Any Legal Weapon', 11, 77, 0.14, 16, 9, 0.05,
'EB3065', 'Limited-entry Alw (rifle) Bull Elk - Late - Plateau, Fishlake/thousand Lakes', 'Any Legal Weapon', 14, 44, 0.09, 20, 4, 0.03,
'EB3066', 'Limited-entry Alw (rifle) Bull Elk - Early - San Juan Bull Elk', 'Any Legal Weapon', null, 7, 0.01, null, 1, 0.0,
'EB3067', 'Limited-entry Alw (rifle) Bull Elk - Late - San Juan Bull Elk', 'Any Legal Weapon', 17, 13, 0.06, 25, 2, 0.01,
'EB3068', 'Limited-entry Alw (rifle) Bull Elk - Early - South Slope, Diamond Mtn', 'Any Legal Weapon', 17, 7, 0.02, null, 1, 0.01,
'EB3069', 'Limited-entry Alw (rifle) Bull Elk - Mid - South Slope, Diamond Mtn', 'Any Legal Weapon', 15, 22, 0.08, 23, 3, 0.04,
'EB3072', 'Limited-entry Alw (rifle) Bull Elk - Early - Wasatch Mtns', 'Any Legal Weapon', 16, 82, 0.03, 22, 7, 0.01,
'EB3073', 'Limited-entry Alw (rifle) Bull Elk - Late - Wasatch Mtns', 'Any Legal Weapon', 11, 143, 0.12, 19, 15, 0.06,
'EB3077', 'Limited-entry Muzzleloader Bull Elk - Beaver, East', 'Muzzleloader', 26, 11, 0.04, null, 1, 0.0,
'EB3079', 'Limited-entry Muzzleloader Bull Elk - Book Cliffs, Little Creek Roadless', 'Muzzleloader', 16, 1, 0.03, null, 0, null,
'EB3081', 'Limited-entry Muzzleloader Bull Elk - Cache, Meadowville', 'Muzzleloader', 5, 8, 0.33, null, 1, 0.09,
'EB3083', 'Limited-entry Muzzleloader Bull Elk - Cache, South', 'Muzzleloader', 20, 4, 0.02, null, 1, 0.02,
'EB3084', 'Limited-entry Muzzleloader Bull Elk - Central Mtns, Manti', 'Muzzleloader', 15, 87, 0.09, 22, 9, 0.03,
'EB3086', 'Limited-entry Muzzleloader Bull Elk - Fillmore, Pahvant', 'Muzzleloader', 23, 9, 0.06, null, 1, 0.01,
'EB3087', 'Limited-entry Muzzleloader Bull Elk - La Sal, La Sal Mtns', 'Muzzleloader', 12, 20, 0.11, 19, 2, 0.04,
'EB3088', 'Limited-entry Muzzleloader Bull Elk - Monroe', 'Muzzleloader', 25, 8, 0.04, null, 1, 0.01,
'EB3089', 'Limited-entry Muzzleloader Bull Elk - Mt Dutton', 'Muzzleloader', 21, 9, 0.04, null, 1, 0.01,
'EB3091', 'Limited-entry Muzzleloader Bull Elk - North Slope, Three Corners', 'Muzzleloader', 11, 4, 0.06, null, 0, null,
'EB3093', 'Limited-entry Muzzleloader Bull Elk - Panguitch Lake', 'Muzzleloader', 24, 7, 0.03, null, 1, 0.01,
'EB3096', 'Limited-entry Muzzleloader Bull Elk - Plateau, Fishlake/thousand Lakes', 'Muzzleloader', 13, 39, 0.13, 21, 4, 0.04,
'EB3097', 'Limited-entry Muzzleloader Bull Elk - San Juan Bull Elk', 'Muzzleloader', 26, 13, 0.05, null, 1, 0.0,
'EB3098', 'Limited-entry Muzzleloader Bull Elk - South Slope, Diamond Mtn', 'Muzzleloader', 15, 12, 0.1, null, 1, 0.02,
'EB3100', 'Limited-entry Muzzleloader Bull Elk - Wasatch Mtns', 'Muzzleloader', 12, 126, 0.13, 20, 12, 0.06,
'EB3102', 'Multi-season Limited-entry Any Bull Elk - Beaver, East', 'Any Legal Weapon', null, 2, 0.01, null, 0, null,
'EB3104', 'Multi-season Limited-entry Any Bull Elk - Book Cliffs, Little Creek Roadless', 'Any Legal Weapon', null, 1, 0.02, null, 0, null,
'EB3105', 'Multi-season Limited-entry Any Bull Elk - Cache, Meadowville', 'Any Legal Weapon', 15, 2, 0.12, null, 0, null,
'EB3107', 'Multi-season Limited-entry Any Bull Elk - Cache, South', 'Any Legal Weapon', null, 1, 0.0, null, 0, null,
'EB3108', 'Multi-season Limited-entry Any Bull Elk - Central Mtns, Manti', 'Any Legal Weapon', 25, 18, 0.03, null, 2, 0.02,
'EB3110', 'Multi-season Limited-entry Any Bull Elk - Fillmore, Pahvant', 'Any Legal Weapon', null, 2, 0.01, null, 0, null,
'EB3111', 'Multi-season Limited-entry Any Bull Elk - La Sal, La Sal Mtns', 'Any Legal Weapon', 21, 4, 0.04, null, 0, null,
'EB3112', 'Multi-season Limited-entry Any Bull Elk - Monroe', 'Any Legal Weapon', 27, 2, 0.01, null, 0, null,
'EB3113', 'Multi-season Limited-entry Any Bull Elk - Mt Dutton', 'Any Legal Weapon', 26, 2, 0.02, null, 0, null,
'EB3115', 'Multi-season Limited-entry Any Bull Elk - North Slope, Three Corners', 'Any Legal Weapon', null, 1, 0.01, null, 0, null,
'EB3117', 'Multi-season Limited-entry Any Bull Elk - Panguitch Lake', 'Any Legal Weapon', 28, 2, 0.01, null, 0, null,
'EB3120', 'Multi-season Limited-entry Any Bull Elk - Plateau, Fishlake/thousand Lakes', 'Any Legal Weapon', 17, 8, 0.04, null, 1, 0.01,
'EB3121', 'Multi-season Limited-entry Any Bull Elk - San Juan Bull Elk', 'Any Legal Weapon', null, 3, 0.01, null, 0, null,
'EB3122', 'Multi-season Limited-entry Any Bull Elk - South Slope, Diamond Mtn', 'Any Legal Weapon', 20, 3, 0.03, null, 0, null,
'EB3124', 'Multi-season Limited-entry Any Bull Elk - Wasatch Mtns', 'Any Legal Weapon', 22, 25, 0.03, null, 3, 0.03,
'EB3126', 'Limited-entry Alw (rifle) Bull Elk - Mid - Central Mtns, Manti', 'Any Legal Weapon', 13, 176, 0.12, 19, 20, 0.07,
'EB3127', 'Limited-entry Alw (rifle) Bull Elk - Mid - Wasatch Mtns', 'Any Legal Weapon', 10, 251, 0.14, 15, 27, 0.11,
'EB3130', 'Limited-entry Archery Bull Elk - Box Elder, Pilot Mtn', 'Archery', 8, 4, 0.11, null, 0, null,
'EB3132', 'Limited-entry September Archery Bull Elk - Cache, North', 'Archery', 10, 20, 0.09, 14, 2, 0.03,
'EB3135', 'Limited-entry September Archery Bull Elk - Plateau, Barney Top/kaiparowits', 'Archery', 9, 9, 0.2, 17, 1, 0.01,
'EB3136', 'Limited-entry September Archery Bull Elk - Southwest Desert, North', 'Archery', 8, 9, 0.12, null, 1, 0.01,
'EB3137', 'Limited-entry September Archery Bull Elk - West Desert, Deep Creek', 'Archery', 9, 12, 0.11, null, 1, 0.02,
'EB3139', 'Limited-entry Hamss Bull Elk - Cache, North', 'H.a.m.s.s.', 10, 20, 0.2, 10, 2, 0.1,
'EB3142', 'Limited-entry Hamss Bull Elk - Plateau, Barney Top/kaiparowits', 'H.a.m.s.s.', 8, 9, 0.21, null, 1, 0.06,
'EB3143', 'Limited-entry Hamss Bull Elk - Southwest Desert, North', 'H.a.m.s.s.', 10, 9, 0.12, null, 1, 0.03,
'EB3144', 'Limited-entry Hamss Bull Elk - West Desert, Deep Creek', 'H.a.m.s.s.', 7, 12, 0.14, null, 1, 0.04,
'EB3145', 'Limited-entry Archery Bull Elk - Plateau, Boulder', 'Archery', 18, 24, 0.07, 24, 3, 0.01,
'EB3146', 'Limited-entry Archery Bull Elk - Southwest Desert, South', 'Archery', 10, 27, 0.14, 21, 3, 0.03,
'EB3147', 'Limited-entry Alw (rifle) Bull Elk - Early - Box Elder, Grouse Creek', 'Any Legal Weapon', 17, 8, 0.04, null, 1, 0.02,
'EB3148', 'Limited-entry Alw (rifle) Bull Elk - Early - Plateau, Boulder', 'Any Legal Weapon', 26, 9, 0.01, null, 1, 0.0,
'EB3149', 'Limited-entry Alw (rifle) Bull Elk - Early - Southwest Desert, South', 'Any Legal Weapon', 25, 10, 0.01, null, 1, 0.0,
'EB3150', 'Limited-entry Alw (rifle) Bull Elk - Mid - Box Elder, Grouse Creek', 'Any Legal Weapon', 12, 15, 0.1, 19, 2, 0.06,
'EB3151', 'Limited-entry Alw (rifle) Bull Elk - Late - Plateau, Boulder', 'Any Legal Weapon', 19, 17, 0.07, null, 2, 0.02,
'EB3152', 'Limited-entry Alw (rifle) Bull Elk - Late - Southwest Desert, South', 'Any Legal Weapon', 16, 18, 0.05, null, 1, 0.01,
'EB3153', 'Limited-entry Muzzleloader Bull Elk - Box Elder, Grouse Creek', 'Muzzleloader', 14, 4, 0.08, null, 1, 0.02,
'EB3154', 'Limited-entry Muzzleloader Bull Elk - Plateau, Boulder', 'Muzzleloader', 25, 15, 0.05, null, 2, 0.01,
'EB3155', 'Limited-entry Muzzleloader Bull Elk - Southwest Desert, South', 'Muzzleloader', 18, 17, 0.09, 23, 2, 0.02,
'EB3156', 'Multi-season Limited-entry Any Bull Elk - Plateau, Boulder', 'Any Legal Weapon', null, 3, 0.01, null, 0, null,
'EB3157', 'Multi-season Limited-entry Any Bull Elk - Southwest Desert, South', 'Any Legal Weapon', 16, 4, 0.03, null, 0, null,
'EB3158', 'Limited-entry Archery Bull Elk - Beaver, East', 'Archery', 6, 4, 0.21, 14, 1, 0.05,
'EB3159', 'Limited-entry Alw (rifle) Bull Elk - Mid - Beaver, East', 'Any Legal Weapon', 22, 21, 0.04, 26, 2, 0.01,
'EB3160', 'Limited-entry Archery Bull Elk - Book Cliffs, Bitter Creek/east', 'Archery', 8, 18, 0.15, null, 2, 0.02,
'EB3161', 'Limited-entry Archery Bull Elk - Book Cliffs, Bitter Creek/east', 'Archery', 6, 4, 0.26, null, 1, 0.11,
'EB3162', 'Limited-entry Alw (rifle) Bull Elk - Early - Book Cliffs, Bitter Creek/east', 'Any Legal Weapon', 21, 6, 0.01, null, 1, 0.0,
'EB3163', 'Limited-entry Alw (rifle) Bull Elk - Late - Book Cliffs, Bitter Creek/east', 'Any Legal Weapon', 13, 12, 0.06, null, 1, 0.02,
'EB3164', 'Limited-entry Alw (rifle) Bull Elk - Mid - Book Cliffs, Bitter Creek/east', 'Any Legal Weapon', 17, 22, 0.05, 11, 3, 0.06,
'EB3165', 'Multi-season Limited-entry Any Bull Elk - Book Cliffs, Bitter Creek/east', 'Any Legal Weapon', 23, 2, 0.02, null, 0, null,
'EB3166', 'Limited-entry Muzzleloader Bull Elk - Book Cliffs, Bitter Creek/east', 'Muzzleloader', 16, 11, 0.07, 15, 1, 0.02,
'EB3167', 'Limited-entry Alw (rifle) Bull Elk - Mid - Book Cliffs, Little Creek Roadless', 'Any Legal Weapon', 21, 2, 0.03, null, 1, 0.02,
'EB3168', 'Limited-entry Archery Bull Elk - Cache, Meadowville', 'Archery', 0, 2, 1.0, null, 0, null,
'EB3169', 'Limited-entry Alw (rifle) Bull Elk - Mid - Cache, Meadowville', 'Any Legal Weapon', 2, 16, 0.62, 2, 2, 0.67,
'EB3170', 'Limited-entry Archery Bull Elk - Cache, South', 'Archery', 3, 4, 0.4, 4, 1, 0.5,
'EB3171', 'Limited-entry Alw (rifle) Bull Elk - Mid - Cache, South', 'Any Legal Weapon', 18, 10, 0.02, null, 1, 0.03,
'EB3172', 'Limited-entry Archery Bull Elk - Central Mtns, Manti', 'Archery', 8, 6, 0.16, 6, 1, 0.06,
'EB3173', 'Limited-entry Archery Bull Elk - Central Mtns, Nebo/san Pitch Mtns', 'Archery', 13, 17, 0.07, 22, 2, 0.03,
'EB3174', 'Limited-entry Archery Bull Elk - Central Mtns, Nebo/san Pitch Mtns', 'Archery', 3, 4, 0.33, 7, 1, 0.14,
'EB3175', 'Limited-entry Alw (rifle) Bull Elk - Early - Central Mtns, Nebo/san Pitch Mtns', 'Any Legal Weapon', 25, 6, 0.01, null, 1, 0.01,
'EB3176', 'Limited-entry Alw (rifle) Bull Elk - Late - Central Mtns, Nebo/san Pitch Mtns', 'Any Legal Weapon', 16, 13, 0.05, null, 1, 0.02,
'EB3177', 'Limited-entry Alw (rifle) Bull Elk - Mid - Central Mtns, Nebo/san Pitch Mtns', 'Any Legal Weapon', 17, 22, 0.05, null, 2, 0.03,
'EB3178', 'Multi-season Limited-entry Any Bull Elk - Central Mtns, Nebo/san Pitch Mtns', 'Any Legal Weapon', 26, 2, 0.01, null, 0, null,
'EB3179', 'Limited-entry Muzzleloader Bull Elk - Central Mtns, Nebo/san Pitch Mtns', 'Muzzleloader', 19, 11, 0.06, null, 1, 0.02,
'EB3180', 'Limited-entry Archery Bull Elk - Fillmore, Pahvant', 'Archery', 2, 4, 0.67, 18, 1, 0.12,
'EB3181', 'Limited-entry Alw (rifle) Bull Elk - Mid - Fillmore, Pahvant', 'Any Legal Weapon', 21, 18, 0.06, 23, 2, 0.03,
'EB3182', 'Limited-entry Archery Bull Elk - La Sal, La Sal Mtns', 'Archery', 3, 4, 0.5, null, 1, 0.1,
'EB3183', 'Limited-entry Alw (rifle) Bull Elk - Mid - La Sal, La Sal Mtns', 'Any Legal Weapon', 8, 39, 0.2, 21, 4, 0.06,
'EB3184', 'Limited-entry Archery Bull Elk - Monroe', 'Archery', 7, 4, 0.23, 13, 1, 0.07,
'EB3185', 'Limited-entry Alw (rifle) Bull Elk - Mid - Monroe', 'Any Legal Weapon', 25, 16, 0.03, 27, 2, 0.02,
'EB3186', 'Limited-entry Archery Bull Elk - Mt Dutton', 'Archery', 7, 4, 0.2, null, 1, 0.05,
'EB3187', 'Limited-entry Alw (rifle) Bull Elk - Mid - Mt Dutton', 'Any Legal Weapon', 19, 17, 0.07, 24, 2, 0.02,
'EB3188', 'Limited-entry Archery Bull Elk - Panguitch Lake', 'Archery', 14, 4, 0.16, null, 1, 0.06,
'EB3189', 'Limited-entry Alw (rifle) Bull Elk - Mid - Panguitch Lake', 'Any Legal Weapon', 20, 14, 0.03, null, 2, 0.01,
'EB3190', 'Limited-entry Archery Bull Elk - Plateau, Boulder', 'Archery', 9, 4, 0.22, 17, 1, 0.11,
'EB3191', 'Limited-entry Alw (rifle) Bull Elk - Mid - Plateau, Boulder', 'Any Legal Weapon', 19, 30, 0.07, 23, 3, 0.03,
'EB3192', 'Limited-entry Archery Bull Elk - Plateau, Fishlake/thousand Lakes', 'Archery', 6, 4, 0.26, 5, 1, 0.17,
'EB3193', 'Limited-entry Archery Bull Elk - San Juan Bull Elk', 'Archery', 6, 4, 0.23, null, 1, 0.03,
'EB3194', 'Limited-entry Alw (rifle) Bull Elk - Mid - San Juan Bull Elk', 'Any Legal Weapon', 22, 24, 0.06, 25, 3, 0.01,
'EB3195', 'Limited-entry Archery Bull Elk - South Slope, Diamond Mtn', 'Archery', 2, 4, 0.56, 6, 1, 0.2,
'EB3196', 'Limited-entry Alw (rifle) Bull Elk - Late - South Slope, Diamond Mtn', 'Any Legal Weapon', 13, 13, 0.12, 13, 2, 0.07,
'EB3197', 'Limited-entry Archery Bull Elk - Southwest Desert, South', 'Archery', 5, 4, 0.2, 10, 1, 0.06,
'EB3198', 'Limited-entry Alw (rifle) Bull Elk - Mid - Southwest Desert, South', 'Any Legal Weapon', 16, 33, 0.09, 25, 4, 0.04,
'EB3199', 'Limited-entry Archery Bull Elk - Wasatch Mtns', 'Archery', 6, 9, 0.16, 7, 1, 0.14,
'EB3500', 'Cwmu Any Bull Elk - Alton', 'Any Legal Weapon', 14, 2, 0.07, null, 0, null,
'EB3501', 'Cwmu Any Bull Elk - Bar J Ranch', 'Any Legal Weapon', 16, 2, 0.03, null, 0, null,
'EB3502', 'Cwmu Any Bull Elk - Bear Mountain', 'Any Legal Weapon', null, 1, 0.05, null, 0, null,
'EB3503', 'Cwmu Any Bull Elk - Bear Springs', 'Any Legal Weapon', 4, 1, 0.1, null, 0, null,
'EB3504', 'Cwmu Any Bull Elk - Blackhawk', 'Any Legal Weapon', null, 1, 0.07, null, 0, null,
'EB3505', 'Cwmu Any Bull Elk - Boobe Hole', 'Any Legal Weapon', 15, 2, 0.05, null, 0, null,
'EB3506', 'Cwmu Any Bull Elk - Causey Spring', 'Any Legal Weapon', 11, 1, 0.05, null, 0, null,
'EB3508', 'Cwmu Any Bull Elk - Chimney Rock', 'Any Legal Weapon', 16, 2, 0.03, null, 0, null,
'EB3509', 'Cwmu Any Bull Elk - Coldwater Ranch', 'Any Legal Weapon', 21, 2, 0.01, null, 0, null,
'EB3510', 'Cwmu Any Bull Elk - Conover-jensen', 'Any Legal Weapon', null, 1, 0.07, null, 0, null,
'EB3511', 'Cwmu Any Bull Elk - Cotton Thomas', 'Any Legal Weapon', 2, 1, 0.14, null, 0, null,
'EB3514', 'Cwmu Any Bull Elk - Deseret', 'Any Legal Weapon', 25, 17, 0.02, null, 0, null,
'EB3515', 'Cwmu Any Bull Elk - Double Cone', 'Any Legal Weapon', null, 1, 0.01, null, 0, null,
'EB3516', 'Cwmu Any Bull Elk - Durst Mountain', 'Any Legal Weapon', 17, 3, 0.04, null, 0, null,
'EB3517', 'Cwmu Any Bull Elk - East Fork Chalk Creek', 'Any Legal Weapon', 9, 3, 0.09, null, 0, null,
'EB3519', 'Cwmu Any Bull Elk - Ensign Ranches', 'Any Legal Weapon', 16, 4, 0.05, null, 0, null,
'EB3520', 'Cwmu Any Bull Elk - Folley Ridge', 'Any Legal Weapon', 22, 2, 0.04, null, 0, null,
'EB3521', 'Cwmu Any Bull Elk - Grass Valley/clark Canyon', 'Any Legal Weapon', 10, 10, 0.15, null, 0, null,
'EB3522', 'Cwmu Any Bull Elk - Grazing Pasture', 'Any Legal Weapon', null, 1, 0.02, null, 0, null,
'EB3523', 'Cwmu Any Bull Elk - Guildersleeve', 'Any Legal Weapon', 12, 1, 0.06, null, 0, null,
'EB3524', 'Cwmu Any Bull Elk - Hardscrabble', 'Any Legal Weapon', null, 2, 0.06, null, 0, null,
'EB3525', 'Cwmu Any Bull Elk - Heaston East', 'Any Legal Weapon', null, 3, 0.05, null, 0, null,
'EB3526', 'Cwmu Any Bull Elk - Hiawatha', 'Any Legal Weapon', 11, 1, 0.03, null, 0, null,
'EB3527', 'Cwmu Any Bull Elk - Indian Head', 'Any Legal Weapon', 3, 1, 0.05, null, 0, null,
'EB3528', 'Cwmu Any Bull Elk - Ingham Peak', 'Any Legal Weapon', 2, 1, 0.33, null, 0, null,
'EB3529', 'Cwmu Any Bull Elk - J.b. Ranch', 'Any Legal Weapon', 20, 2, 0.03, null, 0, null,
'EB3530', 'Cwmu Any Bull Elk - Jacob's Creek', 'Any Legal Weapon', 7, 2, 0.1, null, 0, null,
'EB3531', 'Cwmu Any Bull Elk - Johnson Mountain Ranch', 'Any Legal Weapon', null, 2, 0.02, null, 0, null,
'EB3532', 'Cwmu Any Bull Elk - Jump Creek', 'Any Legal Weapon', null, 1, 0.03, null, 0, null,
'EB3533', 'Cwmu Any Bull Elk - Junction Valley', 'Any Legal Weapon', 4, 1, 0.06, null, 0, null,
'EB3534', 'Cwmu Any Bull Elk - Little Red Creek', 'Any Legal Weapon', 25, 2, 0.02, null, 0, null,
'EB3536', 'Cwmu Any Bull Elk - Minnie Maud Ridge', 'Any Legal Weapon', 1, 5, 0.19, null, 0, null,
'EB3538', 'Cwmu Any Bull Elk - Moon Ranch', 'Any Legal Weapon', null, 1, 0.06, null, 0, null,
'EB3540', 'Cwmu Any Bull Elk - Old Woman Plateau', 'Any Legal Weapon', 22, 2, 0.03, null, 0, null,
'EB3541', 'Cwmu Any Bull Elk - Patmos Ridge', 'Any Legal Weapon', 5, 1, 0.17, null, 0, null,
'EB3542', 'Cwmu Any Bull Elk - Powder Mountain', 'Any Legal Weapon', null, 1, 0.07, null, 0, null,
'EB3543', 'Cwmu Any Bull Elk - Preston Nutter Ranch', 'Any Legal Weapon', 20, 2, 0.02, null, 0, null,
'EB3544', 'Cwmu Any Bull Elk - Redd Ranches', 'Any Legal Weapon', 24, 2, 0.03, null, 0, null,
'EB3545', 'Cwmu Any Bull Elk - Riverview Ranch Llc', 'Any Legal Weapon', 19, 2, 0.03, null, 0, null,
'EB3546', 'Cwmu Any Bull Elk - Roan Cliffs', 'Any Legal Weapon', 16, 1, 0.06, null, 0, null,
'EB3547', 'Cwmu Any Bull Elk - Sand Creek', 'Any Legal Weapon', 25, 1, 0.02, null, 0, null,
'EB3548', 'Cwmu Any Bull Elk - Scofield Canyons', 'Any Legal Weapon', null, 1, 0.02, null, 0, null,
'EB3549', 'Cwmu Any Bull Elk - Scofield East', 'Any Legal Weapon', null, 1, 0.03, null, 0, null,
'EB3550', 'Cwmu Any Bull Elk - Scofield West', 'Any Legal Weapon', null, 1, 0.03, null, 0, null,
'EB3551', 'Cwmu Any Bull Elk - Sj Ranch', 'Any Legal Weapon', 15, 1, 0.03, null, 0, null,
'EB3552', 'Cwmu Any Bull Elk - Skull Crack', 'Any Legal Weapon', null, 1, 0.02, null, 0, null,
'EB3553', 'Cwmu Any Bull Elk - Soldier Summit', 'Any Legal Weapon', 18, 2, 0.05, null, 0, null,
'EB3554', 'Cwmu Any Bull Elk - South Canyon', 'Any Legal Weapon', null, 1, 0.06, null, 0, null,
'EB3555', 'Cwmu Any Bull Elk - Spring Creek/dodge', 'Any Legal Weapon', 25, 2, 0.03, null, 0, null,
'EB3557', 'Cwmu Any Bull Elk - Strawberry Ridge', 'Any Legal Weapon', null, 2, 0.04, null, 0, null,
'EB3558', 'Cwmu Any Bull Elk - Summit Point', 'Any Legal Weapon', 7, 1, 0.05, null, 0, null,
'EB3559', 'Cwmu Any Bull Elk - Three C', 'Any Legal Weapon', 21, 2, 0.03, null, 0, null,
'EB3561', 'Cwmu Any Bull Elk - Two Bear', 'Any Legal Weapon', 18, 5, 0.07, null, 0, null,
'EB3562', 'Cwmu Any Bull Elk - Wallsburg', 'Any Legal Weapon', 11, 2, 0.08, null, 0, null,
'EB3563', 'Cwmu Any Bull Elk - Weber Florence Creek', 'Any Legal Weapon', 13, 8, 0.12, null, 0, null,
'EB3564', 'Cwmu Any Bull Elk - Woodruff Creek South', 'Any Legal Weapon', 18, 2, 0.05, null, 0, null,
'EB3565', 'Cwmu Any Bull Elk - North Peaks', 'Any Legal Weapon', null, 1, 0.07, null, 0, null,
'EB3603', 'Cwmu Any Bull Elk - Pahvant Ensign', 'Any Legal Weapon', null, 1, 0.02, null, 0, null,
'EB3604', 'Cwmu Any Bull Elk - Double R Ranch', 'Any Legal Weapon', null, 1, 0.03, null, 0, null,
'EB3606', 'Cwmu Any Bull Elk - Mountain Sky Ranch', 'Any Legal Weapon', null, 1, 0.02, null, 0, null,
'EB3607', 'Cwmu Any Bull Elk - West Willow Creek Ranch', 'Any Legal Weapon', null, 1, 0.08, null, 0, null,
'EB3608', 'Cwmu Any Bull Elk - Avintaquin Canyon', 'Any Legal Weapon', null, 1, 0.14, null, 0, null,
'EB3609', 'Cwmu Any Bull Elk - Royal Ivory Outfitters', 'Any Legal Weapon', 15, 3, 0.06, null, 0, null,
'EB3610', 'Cwmu Any Bull Elk - Sharp Mountain', 'Any Legal Weapon', 14, 2, 0.07, null, 0, null,
'EB3611', 'Cwmu Any Bull Elk - West Ridge', 'Any Legal Weapon', null, 1, 0.14, null, 0, null,
'EB3612', 'Cwmu Any Bull Elk - 5s', 'Any Legal Weapon', 7, 2, 0.25, null, 0, null,
'EB3613', 'Cwmu Any Bull Elk - Little Pole Canyon', 'Any Legal Weapon', 18, 1, 0.09, null, 0, null,
'EB3614', 'Cwmu Any Bull Elk - Tunnel Hollow', 'Any Legal Weapon', null, 1, 0.2, null, 0, null,
'EB3616', 'Cwmu Any Bull Elk - Sweetwater', 'Any Legal Weapon', 12, 1, 0.02, null, 0, null,
'PB5000', 'Limited-entry Archery Buck Pronghorn - Beaver', 'Archery', 3, 8, 0.26, null, 1, 0.07,
'PB5001', 'Limited-entry Archery Buck Pronghorn - Book Cliffs, Bitter Creek', 'Archery', 2, 10, 0.5, null, 1, 0.07,
'PB5002', 'Limited-entry Archery Buck Pronghorn - Book Cliffs, South', 'Archery', 2, 6, 0.37, null, 1, 0.02,
'PB5003', 'Limited-entry Archery Buck Pronghorn - Box Elder, Promontory', 'Archery', 0, 1, 1.0, null, 0, null,
'PB5004', 'Limited-entry Archery Buck Pronghorn - Box Elder, Puddle Valley', 'Archery', 5, 5, 0.22, 9, 1, 0.17,
'PB5005', 'Limited-entry Archery Buck Pronghorn - Box Elder, Snowville', 'Archery', 1, 7, 0.77, null, 1, 0.08,
'PB5006', 'Limited-entry Archery Buck Pronghorn - Box Elder, West', 'Archery', 0, 7, 1.0, 2, 1, 0.33,
'PB5008', 'Limited-entry Archery Buck Pronghorn - Fillmore, Oak Creek South', 'Archery', 4, 9, 0.25, null, 1, 0.04,
'PB5009', 'Limited-entry Archery Buck Pronghorn - La Sal, Potash/south Cisco', 'Archery', null, 5, 0.5, null, 0, null,
'PB5011', 'Limited-entry Archery Buck Pronghorn - Nine Mile, Anthro-myton Bench', 'Archery', 3, 23, 0.42, 13, 3, 0.08,
'PB5012', 'Limited-entry Archery Buck Pronghorn - North Slope, Three Corners/west Daggett', 'Archery', 4, 9, 0.38, null, 1, 0.08,
'PB5013', 'Limited-entry Archery Buck Pronghorn - Pine Valley', 'Archery', 1, 6, 0.59, null, 1, 0.08,
'PB5015', 'Limited-entry Archery Buck Pronghorn - San Rafael, North', 'Archery', 4, 16, 0.25, null, 2, 0.02,
'PB5016', 'Limited-entry Archery Buck Pronghorn - South Slope, Bonanza/diamond Mtn', 'Archery', 2, 15, 0.43, 10, 2, 0.09,
'PB5017', 'Limited-entry Archery Buck Pronghorn - South Slope, Vernal', 'Archery', 2, 16, 0.42, 6, 2, 0.12,
'PB5018', 'Limited-entry Archery Buck Pronghorn - Southwest Desert', 'Archery', 3, 25, 0.42, null, 3, 0.05,
'PB5019', 'Limited-entry Archery Buck Pronghorn - West Desert, Riverbed', 'Archery', 4, 13, 0.29, null, 1, 0.06,
'PB5020', 'Limited-entry Archery Buck Pronghorn - West Desert, Rush Valley', 'Archery', 3, 7, 0.23, null, 1, 0.05,
'PB5021', 'Limited-entry Archery Buck Pronghorn - West Desert, Snake Valley', 'Archery', 1, 15, 0.67, null, 2, 0.11,
'PB5024', 'Limited-entry Muzzle Buck Pronghorn - Southwest Desert', 'Muzzleloader', 4, 25, 0.26, null, 3, 0.05,
'PB5025', 'Limited-entry Alw (rifle) Buck Pronghorn - Beaver', 'Any Legal Weapon', 8, 31, 0.13, 17, 4, 0.01,
'PB5026', 'Limited-entry Alw (rifle) Buck Pronghorn - Book Cliffs, Bitter Creek', 'Any Legal Weapon', 4, 39, 0.33, null, 4, 0.02,
'PB5027', 'Limited-entry Alw (rifle) Buck Pronghorn - Book Cliffs, South', 'Any Legal Weapon', 6, 25, 0.19, 16, 3, 0.01,
'PB5028', 'Limited-entry Alw (rifle) Buck Pronghorn - Box Elder, Promontory', 'Any Legal Weapon', 2, 13, 0.56, null, 1, 0.12,
'PB5029', 'Limited-entry Alw (rifle) Buck Pronghorn - Box Elder, Puddle Valley', 'Any Legal Weapon', 7, 20, 0.13, 13, 2, 0.03,
'PB5030', 'Limited-entry Alw (rifle) Buck Pronghorn - Box Elder, Snowville', 'Any Legal Weapon', 6, 31, 0.12, 13, 3, 0.02,
'PB5031', 'Limited-entry Alw (rifle) Buck Pronghorn - Box Elder, West', 'Any Legal Weapon', 6, 32, 0.16, 13, 4, 0.04,
'PB5033', 'Limited-entry Alw (rifle) Buck Pronghorn - Fillmore, Oak Creek South', 'Any Legal Weapon', 8, 28, 0.08, null, 3, 0.01,
'PB5034', 'Limited-entry Alw (rifle) Buck Pronghorn - Kaiparowits', 'Any Legal Weapon', 5, 2, 0.09, null, 0, null,
'PB5035', 'Limited-entry Alw (rifle) Buck Pronghorn - La Sal, Potash/south Cisco', 'Any Legal Weapon', 7, 16, 0.17, null, 2, 0.01,
'PB5037', 'Limited-entry Alw (rifle) Buck Pronghorn - Nine Mile, Anthro-myton Bench', 'Any Legal Weapon', 6, 68, 0.18, null, 8, 0.03,
'PB5038', 'Limited-entry Alw (rifle) Buck Pronghorn - Nine Mile, Range Creek', 'Any Legal Weapon', 8, 8, 0.11, null, 1, 0.02,
'PB5039', 'Limited-entry Alw (rifle) Buck Pronghorn - North Slope, Summit', 'Any Legal Weapon', 7, 11, 0.18, null, 1, 0.03,
'PB5040', 'Limited-entry Alw (rifle) Buck Pronghorn - North Slope, Three Corners/west Daggett', 'Any Legal Weapon', 8, 27, 0.12, null, 3, 0.04,
'PB5041', 'Limited-entry Alw (rifle) Buck Pronghorn - Panguitch Lake/zion, North', 'Any Legal Weapon', 8, 21, 0.09, null, 2, 0.01,
'PB5042', 'Limited-entry Alw (rifle) Buck Pronghorn - Pine Valley', 'Any Legal Weapon', 6, 17, 0.12, null, 2, 0.02,
'PB5044', 'Limited-entry Alw (rifle) Buck Pronghorn - San Juan, Hatch Point', 'Any Legal Weapon', 5, 4, 0.11, null, 0, null,
'PB5045', 'Limited-entry Alw (rifle) Buck Pronghorn - San Rafael, Desert', 'Any Legal Weapon', 8, 8, 0.07, null, 1, 0.01,
'PB5046', 'Limited-entry Alw (rifle) Buck Pronghorn - San Rafael, North', 'Any Legal Weapon', 9, 47, 0.08, 24, 5, 0.0,
'PB5047', 'Limited-entry Alw (rifle) Buck Pronghorn - South Slope, Bonanza/diamond Mtn', 'Any Legal Weapon', 5, 46, 0.26, null, 5, 0.04,
'PB5048', 'Limited-entry Alw (rifle) Buck Pronghorn - South Slope, Vernal', 'Any Legal Weapon', 5, 49, 0.23, 14, 5, 0.06,
'PB5049', 'Limited-entry Alw (rifle) Buck Pronghorn - Southwest Desert', 'Any Legal Weapon', 7, 75, 0.12, 16, 8, 0.01,
'PB5050', 'Limited-entry Alw (rifle) Buck Pronghorn - West Desert, Riverbed', 'Any Legal Weapon', 12, 49, 0.08, null, 6, 0.04,
'PB5051', 'Limited-entry Alw (rifle) Buck Pronghorn - West Desert, Rush Valley', 'Any Legal Weapon', 9, 30, 0.08, null, 3, 0.04,
'PB5052', 'Limited-entry Alw (rifle) Buck Pronghorn - West Desert, Snake Valley', 'Any Legal Weapon', 7, 60, 0.23, 15, 7, 0.04,
'PB5053', 'Limited-entry Archery Buck Pronghorn - Nine Mile, Range Creek', 'Archery', 3, 2, 0.5, null, 0, null,
'PB5054', 'Limited-entry Archery Buck Pronghorn - Panguitch Lake/zion, North', 'Archery', 7, 7, 0.14, null, 1, 0.02,
'PB5055', 'Limited-entry Archery Buck Pronghorn - San Rafael, Desert', 'Archery', 1, 2, 0.67, null, 0, null,
'PB5056', 'Limited-entry Muzzle Buck Pronghorn - San Rafael, North', 'Muzzleloader', 7, 16, 0.22, null, 2, 0.02,
'PB5059', 'Limited-entry Muzzle Buck Pronghorn - Nine Mile, Anthro-myton Bench', 'Muzzleloader', 3, 23, 0.33, 12, 3, 0.08,
'PB5060', 'Limited-entry Muzzle Buck Pronghorn - South Slope, Bonanza/diamond Mtn', 'Muzzleloader', 3, 15, 0.53, 4, 2, 0.12,
'PB5061', 'Limited-entry Muzzle Buck Pronghorn - Panguitch Lake/zion, North', 'Muzzleloader', 5, 7, 0.23, null, 1, 0.03,
'PB5062', 'Limited-entry Muzzle Buck Pronghorn - Pine Valley', 'Muzzleloader', 3, 6, 0.29, null, 1, 0.03,
'PB5065', 'Limited-entry Muzzle Buck Pronghorn - Fillmore, Oak Creek South', 'Muzzleloader', 4, 10, 0.3, null, 1, 0.04,
'PB5066', 'Limited-entry Muzzle Buck Pronghorn - North Slope, Three Corners/west Daggett', 'Muzzleloader', 4, 9, 0.31, null, 1, 0.05,
'PB5072', 'Limited-entry Muzzle Buck Pronghorn - South Slope, Vernal', 'Muzzleloader', 3, 16, 0.37, 5, 2, 0.08,
'PB5073', 'Limited-entry Alw (rifle) Buck Pronghorn - Cache, Rich', 'Any Legal Weapon', 10, 5, 0.02, null, 1, 0.01,
'PB5074', 'Limited-entry Archery Buck Pronghorn - Cache, Rich', 'Archery', null, 1, 0.06, null, 1, 0.25,
'PB5075', 'Limited-entry Muzzle Buck Pronghorn - Cache, Rich', 'Muzzleloader', 4, 2, 0.18, null, 1, 0.06,
'PB5076', 'Limited-entry Alw (rifle) Buck Pronghorn - Plateau, Parker Mtn', 'Any Legal Weapon', 8, 27, 0.06, 15, 3, 0.02,
'PB5077', 'Limited-entry Archery Buck Pronghorn - Plateau, Parker Mtn', 'Archery', 2, 9, 0.38, null, 1, 0.06,
'PB5078', 'Limited-entry Muzzle Buck Pronghorn - Plateau, Parker Mtn', 'Muzzleloader', 4, 9, 0.3, null, 1, 0.06,
'PB5300', 'Cwmu Buck Pronghorn - Antelope Creek', 'Any Legal Weapon', 1, 3, 0.12, null, 0, null,
'PB5302', 'Cwmu Buck Pronghorn - Deseret', 'Any Legal Weapon', 10, 16, 0.09, null, 0, null,
'PB5303', 'Cwmu Buck Pronghorn - Ensign Ranches', 'Any Legal Weapon', 4, 2, 0.22, null, 0, null,
'PB5305', 'Cwmu Buck Pronghorn - Park Valley', 'Any Legal Weapon', 2, 1, 0.5, null, 0, null,
'PB5306', 'Cwmu Buck Pronghorn - Rabbit Creek', 'Any Legal Weapon', 5, 1, 0.2, null, 0, null,
'PB5307', 'Cwmu Buck Pronghorn - Rlf Deep Creek', 'Any Legal Weapon', 2, 2, 0.11, null, 0, null,
'PB5309', 'Cwmu Buck Pronghorn - Skull Valley South', 'Any Legal Weapon', null, 1, 0.05, null, 0, null,
'PB5311', 'Cwmu Buck Pronghorn - The Rose Of Snowville', 'Any Legal Weapon', 4, 2, 0.09, null, 0, null,
'PB5312', 'Cwmu Buck Pronghorn - Tl Bar Ranch', 'Any Legal Weapon', 3, 1, 0.33, null, 0, null,
'PB5314', 'Cwmu Buck Pronghorn - Westlake', 'Any Legal Weapon', 7, 2, 0.08, null, 0, null,
'PB5315', 'Cwmu Buck Pronghorn - Zane', 'Any Legal Weapon', 4, 2, 0.29, null, 0, null,
'PB5325', 'Cwmu Buck Pronghorn - Allen Ranch', 'Any Legal Weapon', 6, 2, 0.33, null, 0, null,
'PB5326', 'Cwmu Buck Pronghorn - Cedar Springs', 'Any Legal Weapon', 6, 2, 0.33, null, 0, null,
'PB5327', 'Cwmu Buck Pronghorn - Cottonwood Ridge', 'Any Legal Weapon', 6, 4, 0.21, null, 0, null,
'PB5328', 'Cwmu Buck Pronghorn - Pahvant Ensign', 'Any Legal Weapon', 8, 3, 0.12, null, 0, null,
'PB5329', 'Cwmu Buck Pronghorn - Snowville Flat', 'Any Legal Weapon', 8, 2, 0.15, null, 0, null,
'PB5330', 'Cwmu Buck Pronghorn - George Creek', 'Any Legal Weapon', 3, 1, 0.2, null, 0, null,
'PB5331', 'Limited-entry Alw (rifle) Buck Pronghorn - Mt Dutton/paunsaugunt', 'Any Legal Weapon', 8, 28, 0.12, null, 3, 0.02,
'PB5332', 'Limited-entry Archery Buck Pronghorn - Mt Dutton/paunsaugunt', 'Archery', 6, 7, 0.23, 8, 1, 0.05,
'PB5337', 'Cwmu Buck Pronghorn - Heist', 'Any Legal Weapon', 5, 2, 0.33, null, 0, null,
'PB5338', 'Cwmu Buck Pronghorn - Castle Valley Outdoors', 'Any Legal Weapon', 4, 1, 0.17, null, 0, null,
'PB5339', 'Cwmu Buck Pronghorn - Iron Spring', 'Any Legal Weapon', 3, 1, 0.2, null, 0, null,
'PB5341', 'Cwmu Buck Pronghorn - Sweetwater', 'Any Legal Weapon', 1, 1, 1.0, null, 0, null,
'PB5342', 'Cwmu Buck Pronghorn - Salt Wells', 'Any Legal Weapon', 2, 2, 0.4, null, 0, null,
'BI6500', 'Bison (hunters Choice) - Antelope Island', 'Any Legal Weapon', null, 2, 0.0, null, 0, null,
'BI6503', 'Bison (hunters Choice) - Henry Mtns', 'Any Legal Weapon', 27, 10, 0.0, null, 1, 0.0,
'BI6504', 'Bison (hunters Choice) - Henry Mtns', 'Any Legal Weapon', 25, 9, 0.01, null, 1, 0.0,
'BI6505', 'Bison (cow Only) - Henry Mtns', 'Any Legal Weapon', 17, 20, 0.06, 20, 2, 0.02,
'BI6506', 'Bison (cow Only) - Henry Mtns', 'Any Legal Weapon', 17, 21, 0.08, 17, 2, 0.02,
'BI6509', 'Bison Archery (hunters Choice) - Henry Mtns', 'Archery', 21, 4, 0.01, null, 1, 0.0,
'BI6516', 'Bison (hunters Choice) - Henry Mtns', 'Any Legal Weapon', 24, 8, 0.01, null, 1, 0.0,
'BI6528', 'Bison Archery (hunters Choice) - Book Cliffs, Little Creek/south', 'Archery', 20, 9, 0.07, null, 1, 0.0,
'BI6529', 'Bison (cow Only) - Book Cliffs, Little Creek/south', 'Any Legal Weapon', 9, 13, 0.11, 19, 2, 0.02,
'BI6530', 'Bison (hunters Choice) - Book Cliffs, Little Creek/south', 'Any Legal Weapon', 25, 15, 0.05, 27, 2, 0.0,
'BI6531', 'Bison (hunters Choice) - Book Cliffs, Little Creek/south', 'Any Legal Weapon', 23, 9, 0.04, null, 1, 0.0,
'BI6532', 'Bison Archery (hunters Choice) - Book Cliffs, Bitter Creek', 'Archery', 23, 4, 0.02, null, 1, 0.0,
'BI6533', 'Bison Muzzleloader (cow Only) - Book Cliffs, Little Creek/south', 'Muzzleloader', 10, 13, 0.17, 18, 2, 0.03,
'BI6534', 'Bison (hunters Choice) - Book Cliffs, Bitter Creek', 'Any Legal Weapon', null, 4, 0.0, null, 1, 0.0,
'BI6535', 'Bison (hunters Choice) - Book Cliffs, Bitter Creek', 'Any Legal Weapon', 26, 4, 0.01, null, 1, 0.0,
'BI6536', 'Bison (cow Only) - Book Cliffs, Bitter Creek', 'Any Legal Weapon', 20, 3, 0.02, null, 1, 0.01,
'BI6537', 'Bison (hunters Choice) - Book Cliffs, Little Creek/south', 'Any Legal Weapon', null, 4, 0.03, null, 1, 0.0,
'DS6600', 'Desert Bighorn Sheep - Henry Mtns', 'Any Legal Weapon', 23, 2, 0.0, null, 0, null,
'DS6601', 'Desert Bighorn Sheep - Kaiparowits, East', 'Any Legal Weapon', null, 7, 0.01, null, 1, 0.0,
'DS6602', 'Desert Bighorn Sheep - Kaiparowits, Escalante', 'Any Legal Weapon', 24, 7, 0.02, null, 1, 0.0,
'DS6603', 'Desert Bighorn Sheep - Kaiparowits, West', 'Any Legal Weapon', 28, 4, 0.0, null, 1, 0.0,
'DS6604', 'Desert Bighorn Sheep - La Sal, Potash/south Cisco', 'Any Legal Weapon', null, 4, 0.01, null, 0, null,
'DS6606', 'Desert Bighorn Sheep - San Juan, Lockhart', 'Any Legal Weapon', 24, 3, 0.02, null, 0, null,
'DS6607', 'Desert Bighorn Sheep - San Juan, South', 'Any Legal Weapon', null, 2, 0.01, null, 0, null,
'DS6608', 'Desert Bighorn Sheep - San Rafael, Dirty Devil', 'Any Legal Weapon', 25, 9, 0.02, null, 1, 0.0,
'DS6609', 'Desert Bighorn Sheep - San Rafael, North', 'Any Legal Weapon', null, 3, 0.0, null, 0, null,
'DS6610', 'Desert Bighorn Sheep - San Rafael, South', 'Any Legal Weapon', 24, 11, 0.01, null, 1, 0.0,
'DS6611', 'Desert Bighorn Sheep - Zion', 'Any Legal Weapon', null, 2, 0.0, null, 0, null,
'DS6620', 'Desert Bighorn Sheep - Pine Valley, Virgin River', 'Any Legal Weapon', null, 2, 0.0, null, 0, null,
'DS6621', 'Desert Bighorn Sheep - Pine Valley, Beaver Dam', 'Any Legal Weapon', 26, 6, 0.01, null, 0, null,
'DS6622', 'Desert Bighorn Sheep - San Juan, North', 'Any Legal Weapon', null, 3, 0.05, null, 0, null,
'DS6623', 'Desert Bighorn Sheep - San Juan, San Juan River', 'Any Legal Weapon', null, 1, 0.01, null, 0, null,
'DS6624', 'Desert Bighorn Sheep Archery - San Rafael, Dirty Devil', 'Archery', 21, 2, 0.01, null, 0, null,
'GO6800', 'Mountain Goat - Beaver', 'Any Legal Weapon', 25, 7, 0.01, null, 1, 0.0,
'GO6801', 'Mountain Goat - Beaver', 'Any Legal Weapon', null, 9, 0.01, null, 0, null,
'GO6803', 'Mountain Goat - Central Mtns, Nebo', 'Any Legal Weapon', null, 9, 0.01, null, 1, 0.0,
'GO6804', 'Mountain Goat - Chalk Creek/kamas, Uintas', 'Any Legal Weapon', null, 2, 0.01, null, 0, null,
'GO6805', 'Mountain Goat - North Slope/south Slope, High Uintas Central', 'Any Legal Weapon', 20, 7, 0.02, null, 1, 0.0,
'GO6806', 'Mountain Goat - North Slope/south Slope, High Uintas East', 'Any Legal Weapon', 19, 2, 0.01, null, 1, 0.0,
'GO6807', 'Mountain Goat - North Slope/south Slope, High Uintas Leidy Peak', 'Any Legal Weapon', 19, 2, 0.02, null, 0, null,
'GO6808', 'Mountain Goat - North Slope/south Slope, High Uintas West', 'Any Legal Weapon', 20, 13, 0.02, 23, 2, 0.0,
'GO6810', 'Mountain Goat - Ogden, Willard Peak', 'Any Legal Weapon', null, 1, 0.0, null, 0, null,
'GO6813', 'Mountain Goat - Wasatch Mtns, Provo Peak', 'Any Legal Weapon', 20, 3, 0.02, null, 0, null,
'GO6814', 'Mountain Goat - Mt Dutton', 'Any Legal Weapon', 16, 2, 0.01, null, 0, null,
'GO6817', 'Mountain Goat - La Sal, La Sal Mtns', 'Any Legal Weapon', 21, 7, 0.02, null, 1, 0.0,
'GO6818', 'Mountain Goat - Wasatch Mtns, Box Elder Peak', 'Any Legal Weapon', 28, 2, 0.02, null, 0, null,
'GO6819', 'Mountain Goat - Wasatch Mtns, Lone Peak', 'Any Legal Weapon', 22, 3, 0.02, null, 0, null,
'GO6820', 'Mountain Goat - Wasatch Mtns, Timpanogos', 'Any Legal Weapon', 21, 5, 0.01, null, 0, null,
'GO6821', 'Mountain Goat Archery - Central Mtns, Nebo', 'Archery', 19, 6, 0.02, null, 1, 0.0,
'GO6822', 'Mountain Goat Archery - Beaver', 'Archery', null, 2, 0.01, null, 0, null,
'MB6000', 'Bull Moose - Cache', 'Any Legal Weapon', 27, 12, 0.0, null, 1, 0.0,
'MB6001', 'Bull Moose - Chalk Creek', 'Any Legal Weapon', null, 2, 0.0, null, 0, null,
'MB6002', 'Bull Moose - East Canyon', 'Any Legal Weapon', 26, 4, 0.01, null, 0, null,
'MB6003', 'Bull Moose - East Canyon, Morgan-summit', 'Any Legal Weapon', null, 3, 0.02, null, 0, null,
'MB6004', 'Bull Moose - Kamas', 'Any Legal Weapon', 26, 4, 0.0, null, 0, null,
'MB6005', 'Bull Moose - Morgan-south Rich', 'Any Legal Weapon', 26, 4, 0.01, null, 1, 0.01,
'MB6006', 'Bull Moose - North Slope, Summit', 'Any Legal Weapon', 27, 17, 0.01, null, 2, 0.0,
'MB6007', 'Bull Moose - North Slope, Three Corners/west Daggett', 'Any Legal Weapon', 26, 7, 0.01, null, 1, 0.0,
'MB6008', 'Bull Moose - Ogden', 'Any Legal Weapon', 27, 8, 0.01, null, 1, 0.0,
'MB6009', 'Bull Moose - South Slope, Diamond Mtn/vernal', 'Any Legal Weapon', 25, 2, 0.01, null, 0, null,
'MB6010', 'Bull Moose - South Slope, Yellowstone', 'Any Legal Weapon', null, 4, 0.0, null, 0, null,
'MB6011', 'Bull Moose - Wasatch Mtns/central Mtns', 'Any Legal Weapon', null, 25, 0.0, null, 2, 0.0,
'MB6202', 'Cwmu Bull Moose - Causey Spring', 'Any Legal Weapon', null, 1, 0.01, null, 0, null,
'MB6206', 'Cwmu Bull Moose - Deseret', 'Any Legal Weapon', null, 1, 0.0, null, 0, null,
'MB6207', 'Cwmu Bull Moose - Durst Mountain', 'Any Legal Weapon', null, 1, 0.01, null, 0, null,
'MB6208', 'Cwmu Bull Moose - East Fork Chalk Creek', 'Any Legal Weapon', null, 2, 0.01, null, 0, null,
'MB6210', 'Cwmu Bull Moose - Folley Ridge', 'Any Legal Weapon', null, 1, 0.03, null, 0, null,
'MB6211', 'Cwmu Bull Moose - Grass Valley/clark Canyon', 'Any Legal Weapon', 27, 5, 0.02, null, 0, null,
'MB6219', 'Cwmu Bull Moose - Skull Crack', 'Any Legal Weapon', null, 2, 0.0, null, 0, null,
'MB6222', 'Cwmu Bull Moose - Strawberry Ridge', 'Any Legal Weapon', null, 1, 0.01, null, 0, null,
'MB6223', 'Cwmu Bull Moose - Three C', 'Any Legal Weapon', null, 1, 0.01, null, 0, null,
'MB6224', 'Cwmu Bull Moose - Two Bear', 'Any Legal Weapon', null, 1, 0.01, null, 0, null,
'MB6225', 'Cwmu Bull Moose - Wallsburg', 'Any Legal Weapon', null, 1, 0.03, null, 0, null,
'MB6226', 'Cwmu Bull Moose - Weber Florence Creek', 'Any Legal Weapon', 25, 3, 0.02, null, 0, null,
'MB6251', 'Cwmu Bull Moose - Hardscrabble', 'Any Legal Weapon', null, 1, 0.02, null, 0, null,
'MB6252', 'Cwmu Bull Moose - Jacob's Creek', 'Any Legal Weapon', 24, 1, 0.02, null, 0, null,
'MB6256', 'Cwmu Bull Moose - Woodruff Creek South', 'Any Legal Weapon', null, 1, 0.01, null, 0, null,
'MB6257', 'Cwmu Bull Moose - Ingham Peak', 'Any Legal Weapon', 19, 1, 0.02, null, 0, null,
'MB6259', 'Cwmu Bull Moose - Royal Ivory Outfitters', 'Any Legal Weapon', 14, 2, 0.03, null, 0, null,
'MB6262', 'Cwmu Bull Moose - Junction Valley', 'Any Legal Weapon', null, 1, 0.01, null, 0, null,
'RS6701', 'Rocky Mountain Bighorn Sheep - Book Cliffs, South', 'Any Legal Weapon', 25, 4, 0.0, null, 1, 0.0,
'RS6703', 'Rocky Mountain Bighorn Sheep - Box Elder, Newfoundland Mtn', 'Any Legal Weapon', 22, 4, 0.0, null, 1, 0.0,
'RS6704', 'Rocky Mountain Bighorn Sheep - Box Elder, Newfoundland Mtn', 'Any Legal Weapon', 21, 5, 0.01, null, 1, 0.0,
'RS6708', 'Rocky Mountain Bighorn Sheep - North Slope, Three Corners', 'Any Legal Weapon', null, 2, 0.01, null, 0, null,
'RS6709', 'Rocky Mountain Bighorn Sheep - North Slope, Summit/west Daggett', 'Any Legal Weapon', 22, 3, 0.01, null, 0, null,
'RS6712', 'Rocky Mountain Bighorn Sheep - Nine Mile, Gray Canyon', 'Any Legal Weapon', 24, 5, 0.01, null, 0, null,
'RS6713', 'Rocky Mountain Bighorn Sheep - Nine Mile, Jack Creek', 'Any Legal Weapon', null, 2, 0.01, null, 0, null,
'RS6720', 'Rocky Mountain Bighorn Sheep - Fillmore, Oak Creek', 'Any Legal Weapon', null, 3, 0.0, null, 0, null,
'RS6721', 'Rocky Mountain Bighorn Sheep - Oquirrh-stansbury, West', 'Any Legal Weapon', null, 4, 0.01, null, 0, null,
'RS6722', 'Rocky Mountain Bighorn Sheep Archery - Box Elder, Newfoundland Mtn', 'Archery', 17, 3, 0.02, null, 0, null,
'RS6724', 'Rocky Mountain Bighorn Sheep - Wasatch Mtns, West', 'Any Legal Weapon', 24, 3, 0.0, null, 0, null,
'RS6725', 'Rocky Mountain Bighorn Sheep - Central Mtns, Nebo', 'Any Legal Weapon', 22, 2, 0.01, null, 0, null,
'RS6726', 'Rocky Mountain Bighorn Sheep - Fillmore, Oak Creek', 'Any Legal Weapon', 21, 4, 0.01, null, 1, 0.0,
'RS6727', 'Rocky Mountain Bighorn Sheep Archery - Fillmore, Oak Creek', 'Archery', null, 2, 0.01, null, 0, null,